{
    "bc:white": [ 0.9633909, -0.0010213554, -0.00031495094 ],
    "bc:grey": [ 0.7177801, -0.0055960417, 0.002762258 ],
    "bc:lightyellow": [ 0.9291457, -0.014575213, 0.100248575 ],
    "bc:brickyellow": [ 0.82774055, 0.0021487176, 0.06050569 ],
    "bc:lightgreen": [ 0.8614182, -0.038246095, 0.03635788 ],
    "bc:lightreddishviolet": [ 0.833582, 0.055755347, -0.0017116666 ],
    "bc:pastelblue": [ 0.76323634, -0.046128333, -0.06082374 ],
    "bc:lightorangebrown": [ 0.6742649, 0.057489812, 0.10481763 ],
    "bc:nougat": [ 0.6996703, 0.056737572, 0.07144645 ],
    "bc:brightred": [ 0.5338468, 0.16816838, 0.09518498 ],
    "bc:medreddishviolet": [ 0.6527976, 0.11727598, -0.029978275 ],
    "bc:brightblue": [ 0.5078888, -0.049382746, -0.12168828 ],
    "bc:brightyellow": [ 0.8585815, -0.009763956, 0.16425979 ],
    "bc:earthorange": [ 0.42179105, 0.0255654, 0.042196333 ],
    "bc:black": [ 0.2767226, -0.014004827, -0.025138646 ],
    "bc:darkgrey": [ 0.5367117, -0.0020525604, 0.0025776923 ],
    "bc:darkgreen": [ 0.53053033, -0.1053718, 0.057072908 ],
    "bc:mediumgreen": [ 0.78030705, -0.059587955, 0.061509788 ],
    "bc:ligyellowichorange": [ 0.87297606, 0.018247545, 0.07635152 ],
    "bc:brightgreen": [ 0.6091175, -0.10794814, 0.07925761 ],
    "bc:darkorange": [ 0.55033535, 0.06289686, 0.08037794 ],
    "bc:lightbluishviolet": [ 0.8382824, -0.0018931925, -0.029554725 ],
    "bc:transparent": [ 0.9430889, 0.000000029802322, 0.000000059604645 ],
    "bc:trred": [ 0.60128945, 0.13874234, 0.0706729 ],
    "bc:trlgblue": [ 0.88711035, -0.02393353, -0.031419456 ],
    "bc:trblue": [ 0.7549221, -0.03996235, -0.08604044 ],
    "bc:tryellow": [ 0.94175726, -0.032684743, 0.11783445 ],
    "bc:lightblue": [ 0.84749705, -0.0237796, -0.033097506 ],
    "bc:trflureddishorange": [ 0.6994883, 0.08755994, 0.06683192 ],
    "bc:trgreen": [ 0.7296349, -0.06838685, 0.040104806 ],
    "bc:trflugreen": [ 0.9413313, -0.034864515, 0.12669766 ],
    "bc:phosphwhite": [ 0.93136495, 0.00032180548, 0.014034331 ],
    "bc:lightred": [ 0.853122, 0.04021269, 0.032868266 ],
    "bc:mediumred": [ 0.7052798, 0.092621505, 0.050815344 ],
    "bc:mediumblue": [ 0.67110145, -0.026440352, -0.08292699 ],
    "bc:lightgrey": [ 0.81297445, 0.002484411, 0.01516968 ],
    "bc:brightviolet": [ 0.42543715, 0.09697762, -0.08774477 ],
    "bc:bryellowishorange": [ 0.7435076, 0.047278285, 0.1258871 ],
    "bc:brightorange": [ 0.69443625, 0.07314426, 0.11115518 ],
    "bc:brightbluishgreen": [ 0.59363705, -0.091234416, -0.044662178 ],
    "bc:earthyellow": [ 0.47948277, 0.0034035146, 0.040572345 ],
    "bc:brightbluishviolet": [ 0.46305603, 0.0009365976, -0.104476005 ],
    "bc:trbrown": [ 0.7842949, 0.0062970817, 0.010697782 ],
    "bc:mediumbluishviolet": [ 0.57249385, 0.006233394, -0.08749014 ],
    "bc:trmedireddishviolet": [ 0.8069599, 0.07237673, -0.014885128 ],
    "bc:medyellowishgreen": [ 0.829173, -0.06666899, 0.15215975 ],
    "bc:medbluishgreen": [ 0.67521024, -0.07147002, -0.035074174 ],
    "bc:lightbluishgreen": [ 0.8552748, -0.03330329, -0.007018268 ],
    "bc:bryellowishgreen": [ 0.756165, -0.07333028, 0.12611628 ],
    "bc:ligyellowishgreen": [ 0.89571524, -0.03571555, 0.07207245 ],
    "bc:medyellowishorange": [ 0.7833714, 0.03378609, 0.11757851 ],
    "bc:brreddishorange": [ 0.649813, 0.10405594, 0.086523384 ],
    "bc:brightreddishviolet": [ 0.48867694, 0.13349563, -0.047003627 ],
    "bc:lightorange": [ 0.81846535, 0.040109903, 0.06583983 ],
    "bc:trbrightbluishviolet": [ 0.7349215, 0.014114112, -0.05275631 ],
    "bc:darknougat": [ 0.624423, 0.048079178, 0.06410745 ],
    "bc:silver": [ 0.71138275, -0.0056436956, -0.009238303 ],
    "bc:neonorange": [ 0.65708435, 0.0948313, 0.10358125 ],
    "bc:neongreen": [ 0.8685241, -0.056426853, 0.14516693 ],
    "bc:sandblue": [ 0.61388135, -0.0107937455, -0.039363444 ],
    "bc:sandviolet": [ 0.6029091, 0.020845205, -0.024896681 ],
    "bc:mediumorange": [ 0.7400495, 0.061685503, 0.09122363 ],
    "bc:sandyellow": [ 0.63677734, 0.0028220117, 0.035458952 ],
    "bc:earthblue": [ 0.34165502, -0.018700078, -0.056014895 ],
    "bc:earthgreen": [ 0.3621682, -0.04872483, 0.029139787 ],
    "bc:trflublue": [ 0.9051288, -0.011566043, -0.033348978 ],
    "bc:sandbluemetallic": [ 0.62355983, -0.006795764, -0.04117745 ],
    "bc:sandvioletmetallic": [ 0.6597031, 0.016197234, -0.027259588 ],
    "bc:sandyellowmetallic": [ 0.6256307, 0.000074625015, 0.047667623 ],
    "bc:darkgreymetallic": [ 0.45914423, -0.0016798824, 0.001152724 ],
    "bc:blackmetallic": [ 0.23529404, -0.00070917606, -0.041924343 ],
    "bc:lightgreymetallic": [ 0.74570906, -0.0025747716, 0.00068748 ],
    "bc:sandgreen": [ 0.6303426, -0.032256454, 0.011957794 ],
    "bc:sandred": [ 0.6021114, 0.03239572, 0.013722897 ],
    "bc:darkred": [ 0.41234347, 0.09966795, 0.040905 ],
    "bc:trfluyellow": [ 0.9561178, -0.037484735, 0.13974863 ],
    "bc:trflured": [ 0.7849501, 0.07972813, -0.016746283 ],
    "bc:gunmetallic": [ 0.5365368, 0.0063923, 0.017886102 ],
    "bc:redflipflop": [ 0.5649415, 0.050177887, 0.038689345 ],
    "bc:yellowflipflop": [ 0.6500229, 0.036939308, 0.07819092 ],
    "bc:silverflipflop": [ 0.6254365, 0.0027000606, -0.00071030855 ],
    "bc:curry": [ 0.759303, 0.015618265, 0.122191906 ],
    "bc:fireyellow": [ 0.88019097, -0.018444598, 0.17011583 ],
    "bc:flameyellowishorange": [ 0.7789069, 0.02512616, 0.14666384 ],
    "bc:reddishbrown": [ 0.41430473, 0.04339017, 0.052355617 ],
    "bc:flamereddishorange": [ 0.6166927, 0.110648856, 0.11144486 ],
    "bc:mediumstonegrey": [ 0.7139803, 0.0023078918, -0.003782034 ],
    "bc:royalblue": [ 0.5174035, -0.01480791, -0.10338819 ],
    "bc:darkroyalblue": [ 0.41070017, -0.017472625, -0.119491786 ],
    "bc:brightreddishlilac": [ 0.5011854, 0.11858377, -0.06292704 ],
    "bc:darkstonegrey": [ 0.49018967, 0.006194368, -0.0030061305 ],
    "bc:lemonmetalic": [ 0.61515886, -0.028829917, 0.057724595 ],
    "bc:lightstonegrey": [ 0.9182456, -0.00087052584, 0.0067415237 ],
    "bc:darkcurry": [ 0.6634595, 0.009452179, 0.10078043 ],
    "bc:fadedgreen": [ 0.6338416, -0.052146018, 0.028886884 ],
    "bc:turquoise": [ 0.7322924, -0.059604555, -0.016958416 ],
    "bc:lightroyalblue": [ 0.80412394, -0.022706717, -0.06254113 ],
    "bc:mediumroyalblue": [ 0.6086345, -0.0037034154, -0.08605024 ],
    "bc:brown": [ 0.50217307, 0.030234218, 0.044258118 ],
    "bc:reddishlilac": [ 0.5996605, 0.06284639, -0.053139716 ],
    "bc:lightlilac": [ 0.7457538, 0.011579454, -0.05183667 ],
    "bc:brightpurple": [ 0.6406559, 0.1461845, -0.02429223 ],
    "bc:lightpurple": [ 0.8059627, 0.071261406, -0.0153182745 ],
    "bc:lightpink": [ 0.7313251, 0.0892891, 0.024408698 ],
    "bc:lightbrickyellow": [ 0.8829312, 0.007893145, 0.074395835 ],
    "bc:warmyellowishorange": [ 0.8159482, 0.033764422, 0.08791751 ],
    "bc:coolyellow": [ 0.9326763, -0.01622811, 0.114387274 ],
    "bc:doveblue": [ 0.7624214, -0.047988683, -0.06430447 ],
    "bc:mediumlilac": [ 0.34529993, 0.028453201, -0.11853278 ],
    "bc:slimegreen": [ 0.5044419, -0.044278964, 0.027190983 ],
    "bc:smokygrey": [ 0.48087987, 0.0027376264, -0.019149661 ],
    "bc:darkblue": [ 0.35165387, -0.023358345, -0.22960055 ],
    "bc:parsleygreen": [ 0.4519472, -0.09173395, 0.07761037 ],
    "bc:steelblue": [ 0.57705903, -0.025717229, -0.08695212 ],
    "bc:stormblue": [ 0.45262042, -0.02412489, -0.07767689 ],
    "bc:lapis": [ 0.43558562, -0.020546913, -0.2580877 ],
    "bc:darkindigo": [ 0.33869773, 0.05870132, -0.15684286 ],
    "bc:seagreen": [ 0.5744439, -0.11801031, 0.08025104 ],
    "bc:shamrock": [ 0.62481105, -0.09817943, 0.08305907 ],
    "bc:fossil": [ 0.71083844, 0.002162695, -0.015903234 ],
    "bc:mulberry": [ 0.35583368, 0.0934245, -0.059307337 ],
    "bc:forestgreen": [ 0.52547324, -0.12703954, 0.096927285 ],
    "bc:cadetblue": [ 0.74285674, -0.007634431, -0.030707002 ],
    "bc:electricblue": [ 0.6045634, -0.06586391, -0.12667999 ],