{
    "css:aliceblue": [ 0.97514284, -0.0055005252, -0.011404157 ],
    "css:antiquewhite": [ 0.9466915, 0.007930011, 0.03005433 ],
    "css:aqua": [ 0.90539926, -0.1494439, -0.039398134 ],
    "css:aquamarine": [ 0.91499454, -0.12798634, 0.024896622 ],
    "css:azure": [ 0.9889506, -0.015041083, -0.0045705438 ],
    "css:beige": [ 0.96357363, -0.009584844, 0.031351864 ],
    "css:bisque": [ 0.93285626, 0.016026169, 0.048885405 ],
    "css:black": [ 0, 0, 0.0 ],
    "css:blanchedalmond": [ 0.9484394, 0.009296507, 0.04396224 ],
    "css:blue": [ 0.4520137, -0.032456964, -0.31152815 ],
    "css:blueviolet": [ 0.53376496, 0.1303181, -0.21370521 ],
    "css:brown": [ 0.48061255, 0.14402956, 0.0688903 ],
    "css:burlywood": [ 0.80453986, 0.022220522, 0.07461971 ],
    "css:cadetblue": [ 0.6576814, -0.0617221, -0.02041018 ],
    "css:chartreuse": [ 0.89026254, -0.19050708, 0.18392414 ],
    "css:chocolate": [ 0.6343984, 0.09907395, 0.11919311 ],
    "css:coral": [ 0.7351128, 0.12822524, 0.108537704 ],
    "css:cornflowerblue": [ 0.67462194, -0.021288991, -0.13974452 ],
    "css:cornsilk": [ 0.97730064, -0.003531158, 0.037089825 ],
    "css:crimson": [ 0.5711892, 0.20843752, 0.07622525 ],
    "css:cyan": [ 0.90539926, -0.1494439, -0.039398134 ],
    "css:darkblue": [ 0.28782427, -0.02066733, -0.19836867 ],
    "css:darkcyan": [ 0.576522, -0.09515986, -0.025087208 ],
    "css:darkgoldenrod": [ 0.65206957, 0.01937683, 0.13077158 ],
    "css:darkgray": [ 0.73480856, 0, 0.0 ],
    "css:darkgreen": [ 0.43601778, -0.11769909, 0.0903289 ],
    "css:darkgrey": [ 0.73480856, 0, 0.0 ],
    "css:darkkhaki": [ 0.76747406, -0.02457127, 0.09491056 ],
    "css:darkmagenta": [ 0.44679785, 0.17483291, -0.10771179 ],
    "css:darkolivegreen": [ 0.49552083, -0.0528993, 0.072315395 ],
    "css:darkorange": [ 0.7505443, 0.09416564, 0.1523641 ],
    "css:darkorchid": [ 0.5411145, 0.15060079, -0.17016658 ],
    "css:darkred": [ 0.39985687, 0.14318375, 0.080133885 ],
    "css:darksalmon": [ 0.7507362, 0.083602786, 0.06865674 ],
    "css:darkseagreen": [ 0.75086474, -0.06507701, 0.046025872 ],
    "css:darkslateblue": [ 0.41434276, 0.03449151, -0.11997697 ],
    "css:darkslategray": [ 0.4029629, -0.03630598, -0.010244608 ],
    "css:darkslategrey": [ 0.4029629, -0.03630598, -0.010244608 ],
    "css:darkturquoise": [ 0.7719287, -0.12593341, -0.037646174 ],
    "css:darkviolet": [ 0.51490974, 0.16689834, -0.20023909 ],
    "css:deeppink": [ 0.654935, 0.26096502, -0.01392889 ],
    "css:deepskyblue": [ 0.75535005, -0.09521571, -0.12030095 ],
    "css:dimgray": [ 0.52080655, -0.000000029802322, 2.9802322e-8 ],
    "css:dimgrey": [ 0.52080655, -0.000000029802322, 2.9802322e-8 ],
    "css:dodgerblue": [ 0.65200555, -0.05493337, -0.18200982 ],
    "css:firebrick": [ 0.49677104, 0.16036722, 0.08105931 ],
    "css:floralwhite": [ 0.9862327, 0.0013425648, 0.014156461 ],
    "css:forestgreen": [ 0.5578046, -0.13460498, 0.10182649 ],
    "css:fuchsia": [ 0.7016738, 0.27456632, -0.16915613 ],
    "css:gainsboro": [ 0.8944904, 0.00000014901161, -5.9604645e-8 ],
    "css:ghostwhite": [ 0.98111874, 0.0025899112, -0.008898735 ],
    "css:goldenrod": [ 0.7515723, 0.015389085, 0.14612558 ],
    "css:gold": [ 0.886771, -0.016924977, 0.1813981 ],
    "css:gray": [ 0.5998708, 0.000000029802322, 2.9802322e-8 ],
    "css:green": [ 0.5197518, -0.14030223, 0.10767588 ],
    "css:greenyellow": [ 0.9130488, -0.15012008, 0.17879695 ],
    "css:grey": [ 0.5998708, 0.000000029802322, 2.9802322e-8 ],
    "css:honeydew": [ 0.9848419, -0.020746022, 0.014322281 ],
    "css:hotpink": [ 0.7282974, 0.19515496, -0.027445674 ],
    "css:indianred": [ 0.61544085, 0.13343883, 0.054532588 ],
    "css:indigo": [ 0.33898208, 0.09416148, -0.15255126 ],
    "css:ivory": [ 0.9959763, -0.0056532025, 0.01878351 ],
    "css:khaki": [ 0.913489, -0.024851829, 0.10912818 ],
    "css:lavenderblush": [ 0.96833485, 0.017342955, -0.001486361 ],
    "css:lavender": [ 0.93090224, 0.007365018, -0.025915265 ],
    "css:lawngreen": [ 0.8817531, -0.1897789, 0.18217742 ],
    "css:lemonchiffon": [ 0.9778096, -0.0122590065, 0.05691117 ],
    "css:lightblue": [ 0.85623306, -0.037679493, -0.031231284 ],
    "css:lightcoral": [ 0.7246409, 0.12856546, 0.04942572 ],
    "css:lightcyan": [ 0.9778582, -0.030687988, -0.009171605 ],
    "css:lightgoldenrodyellow": [ 0.97500646, -0.015435815, 0.049487054 ],
    "css:lightgray": [ 0.8668631, 0.00000008940697, 5.9604645e-8 ],
    "css:lightgreen": [ 0.86800325, -0.12618414, 0.09138167 ],
    "css:lightgrey": [ 0.8668631, 0.00000008940697, 5.9604645e-8 ],
    "css:lightpink": [ 0.8473878, 0.08471581, 0.013548911 ],
    "css:lightsalmon": [ 0.793755, 0.09214696, 0.084214926 ],
    "css:lightseagreen": [ 0.6912009, -0.112819195, -0.01779145 ],
    "css:lightskyblue": [ 0.8206188, -0.051824033, -0.079055846 ],
    "css:lightslategray": [ 0.6190202, -0.011989206, -0.030206382 ],
    "css:lightslategrey": [ 0.6190202, -0.011989206, -0.030206382 ],
    "css:lightsteelblue": [ 0.81362313, -0.01105541, -0.04135573 ],
    "css:lightyellow": [ 0.99200743, -0.011841178, 0.038462877 ],
    "css:lime": [ 0.8664396, -0.2338874, 0.1794985 ],
    "css:limegreen": [ 0.7418744, -0.18220711, 0.13812843 ],
    "css:linen": [ 0.96023846, 0.0065290034, 0.015857935 ],
    "css:magenta": [ 0.7016738, 0.27456632, -0.16915613 ],
    "css:maroon": [ 0.3766921, 0.1348888, 0.07549155 ],
    "css:mediumaquamarine": [ 0.7766862, -0.1077624, 0.021289885 ],
    "css:mediumblue": [ 0.38345328, -0.027534008, -0.26427624 ],
    "css:mediumorchid": [ 0.6255795, 0.15330532, -0.13220704 ],
    "css:mediumpurple": [ 0.62691426, 0.07093659, -0.14121485 ],
    "css:mediumseagreen": [ 0.684042, -0.13052315, 0.060866594 ],
    "css:mediumslateblue": [ 0.6044728, 0.051809967, -0.18684 ],
    "css:mediumspringgreen": [ 0.8668058, -0.19017518, 0.08109707 ],
    "css:mediumturquoise": [ 0.7868021, -0.11386514, -0.023286581 ],
    "css:mediumvioletred": [ 0.55336696, 0.21807167, -0.03968212 ],
    "css:midnightblue": [ 0.28811884, 0.006927684, -0.14345875 ],
    "css:mintcream": [ 0.99117196, -0.011938989, 0.0032410026 ],
    "css:mistyrose": [ 0.94001174, 0.027195632, 0.012844503 ],
    "css:moccasin": [ 0.9296221, 0.0101240575, 0.06677443 ],
    "css:navajowhite": [ 0.9164022, 0.015881449, 0.07125777 ],
    "css:navy": [ 0.27114984, -0.019470006, -0.18687664 ],
    "css:oldlace": [ 0.97234136, 0.0025284886, 0.021410525 ],
    "css:olive": [ 0.5806646, -0.042812183, 0.11911622 ],
    "css:olivedrab": [ 0.5994839, -0.08137682, 0.11069003 ],
    "css:orange": [ 0.7926885, 0.05661124, 0.16138458 ],
    "css:orangered": [ 0.6601995, 0.18694861, 0.13286987 ],
    "css:orchid": [ 0.70213175, 0.1548869, -0.094151914 ],
    "css:palegoldenrod": [ 0.9210476, -0.018201321, 0.07770318 ],
    "css:palegreen": [ 0.9035428, -0.13154519, 0.0952729 ],
    "css:paleturquoise": [ 0.90690863, -0.060753167, -0.017526507 ],
    "css:palevioletred": [ 0.6779228, 0.13820681, 0.0016424656 ],
    "css:papayawhip": [ 0.9580799, 0.0066224337, 0.037681162 ],
    "css:peachpuff": [ 0.9112528, 0.02658546, 0.053788126 ],
    "css:peru": [ 0.6781926, 0.05728315, 0.10856277 ],
    "css:pink": [ 0.8677385, 0.072980374, 0.009071469 ],
    "css:plum": [ 0.7832835, 0.08990809, -0.059408367 ],
    "css:powderblue": [ 0.87508315, -0.045226067, -0.021795869 ],
    "css:purple": [ 0.42091367, 0.16470432, -0.10147175 ],
    "css:rebeccapurple": [ 0.44027176, 0.08817673, -0.13386428 ],
    "css:red": [ 0.6279554, 0.22486295, 0.1258463 ],
    "css:rosybrown": [ 0.6927437, 0.051944077, 0.0174461 ],
    "css:royalblue": [ 0.5598482, -0.011820674, -0.18786204 ],
    "css:saddlebrown": [ 0.4707835, 0.07080877, 0.08696014 ],
    "css:salmon": [ 0.73500234, 0.13369879, 0.07126993 ],
    "css:sandybrown": [ 0.7839974, 0.06401244, 0.10958701 ],
    "css:seagreen": [ 0.5685264, -0.10754658, 0.050266087 ],
    "css:seashell": [ 0.9760181, 0.0076386034, 0.012033045 ],