{
    "skin:rose:50": [ 0.96913433, 0.014441043, 0.0045306087 ],
    "skin:rose:100": [ 0.9429848, 0.027235597, 0.008676231 ],
    "skin:rose:200": [ 0.91489667, 0.033925653, 0.010906458 ],
    "skin:rose:300": [ 0.8818992, 0.03864789, 0.012519181 ],
    "skin:rose:400": [ 0.82733995, 0.04045549, 0.013180494 ],
    "skin:rose:500": [ 0.7451625, 0.048579693, 0.01612848 ],
    "skin:rose:600": [ 0.7097789, 0.059818774, 0.020316541 ],
    "skin:rose:700": [ 0.59811294, 0.05126372, 0.014323324 ],
    "skin:rose:800": [ 0.44442254, 0.04192196, 0.012738049 ],
    "skin:rose:900": [ 0.30043772, 0.036369473, 0.011092529 ],
    "skin:rose:950": [ 0.21622808, 0.02387496, 0.0063684285 ],
    "skin:rose": [ 0.7451625, 0.048579693, 0.01612848 ],

    "skin:peach:50": [ 0.9694333, 0.0107679665, 0.013033867 ],
    "skin:peach:100": [ 0.9230203, 0.027635485, 0.035136163 ],
    "skin:peach:200": [ 0.8739383, 0.04107511, 0.05221331 ],
    "skin:peach:300": [ 0.82688653, 0.040603608, 0.05253333 ],
    "skin:peach:400": [ 0.77940816, 0.040560275, 0.051652014 ],
    "skin:peach:500": [ 0.73072594, 0.043249965, 0.054465592 ],
    "skin:peach:600": [ 0.632309, 0.0495345, 0.06317568 ],
    "skin:peach:700": [ 0.5327188, 0.034679115, 0.05800873 ],
    "skin:peach:800": [ 0.42351142, 0.036490813, 0.05791968 ],
    "skin:peach:900": [ 0.30964002, 0.024772346, 0.039998516 ],
    "skin:peach:950": [ 0.22824441, 0.015484437, 0.025474831 ],
    "skin:peach": [ 0.73072594, 0.043249965, 0.054465592 ],

    "skin:gold:50": [ 0.97083426, 0.008586109, 0.016465127 ],
    "skin:gold:100": [ 0.92396796, 0.024597347, 0.04094392 ],
    "skin:gold:200": [ 0.8783069, 0.040722847, 0.06794709 ],
    "skin:gold:300": [ 0.8243977, 0.042176962, 0.07423067 ],
    "skin:gold:400": [ 0.76713234, 0.04464829, 0.07823181 ],
    "skin:gold:500": [ 0.70139426, 0.040388048, 0.07251233 ],
    "skin:gold:600": [ 0.6139323, 0.03186135, 0.06818375 ],
    "skin:gold:700": [ 0.4672482, 0.029355615, 0.07339522 ],
    "skin:gold:800": [ 0.3693079, 0.032758534, 0.064495176 ],
    "skin:gold:900": [ 0.34169954, 0.023288049, 0.050140098 ],
    "skin:gold:950": [ 0.21645606, 0.01578506, 0.030466497 ],
    "skin:gold": [ 0.70139426, 0.040388048, 0.07251233 ],

    "skin:olive:50": [ 0.96916825, 0.010389805, 0.014291108 ],
    "skin:olive:100": [ 0.89401793, 0.01860258, 0.026890159 ],
    "skin:olive:200": [ 0.84111273, 0.018216044, 0.025670707 ],
    "skin:olive:300": [ 0.7365848, 0.02515909, 0.03860706 ],
    "skin:olive:400": [ 0.64246595, 0.022665322, 0.034347773 ],
    "skin:olive:500": [ 0.58265936, 0.02734606, 0.039435983 ],
    "skin:olive:600": [ 0.5535777, 0.025699854, 0.037731737 ],
    "skin:olive:700": [ 0.49096698, 0.0300439, 0.041381508 ],
    "skin:olive:800": [ 0.37740785, 0.023273334, 0.03439066 ],
    "skin:olive:900": [ 0.3106926, 0.019383311, 0.02748911 ],
    "skin:olive:950": [ 0.2178686, 0.009939961, 0.016797632 ],
    "skin:olive": [ 0.50844264, -0.07674655, 0.011542231 ]
}