{
    "tw:slate:50": [ 0.98415184, -0.0012863874, -0.0031609535 ],
    "tw:slate:100": [ 0.96826035, -0.0025790036, -0.006349802 ],
    "tw:slate:200": [ 0.92876124, -0.003157705, -0.012217164 ],
    "tw:slate:300": [ 0.86898136, -0.0058377087, -0.018969715 ],
    "tw:slate:400": [ 0.71067154, -0.008025706, -0.034184873 ],
    "tw:slate:500": [ 0.55439097, -0.008870542, -0.039739072 ],
    "tw:slate:600": [ 0.4455331, -0.008244723, -0.036527753 ],
    "tw:slate:700": [ 0.37169632, -0.008617088, -0.038196504 ],
    "tw:slate:800": [ 0.2794952, -0.006378934, -0.036291763 ],
    "tw:slate:900": [ 0.2076819, -0.002947919, -0.03971505 ],
    "tw:slate:950": [ 0.12880222, -0.0037539303, -0.040429235 ],
    "tw:slate": [ 0.55439097, -0.008870542, -0.039739072 ],

    "tw:gray:50": [ 0.9846252, -0.00064352155, -0.0015799999 ],
    "tw:gray:100": [ 0.9669556, -0.0002732277, -0.002861023 ],
    "tw:gray:200": [ 0.92758226, -0.00055378675, -0.0057870746 ],
    "tw:gray:300": [ 0.8716813, -0.0018873811, -0.0091459155 ],
    "tw:gray:400": [ 0.7136601, -0.002892375, -0.018956304 ],
    "tw:gray:500": [ 0.5510191, -0.0022941828, -0.023247987 ],
    "tw:gray:600": [ 0.44611195, -0.006007597, -0.02561745 ],
    "tw:gray:700": [ 0.372927, -0.005457774, -0.030130118 ],
    "tw:gray:800": [ 0.27807805, -0.0067340285, -0.028819323 ],
    "tw:gray:900": [ 0.21008447, -0.0029534549, -0.031624988 ],
    "tw:gray:950": [ 0.1296404, -0.003954388, -0.02708114 ],
    "tw:gray": [ 0.5510191, -0.0022941828, -0.023247987 ],

    "tw:zinc:50": [ 0.9851036, -0.00000014901161, 5.9604645e-8 ],
    "tw:zinc:100": [ 0.9674343, 0.00037384033, -0.0012720823 ],
    "tw:zinc:200": [ 0.9197285, 0.0011328161, -0.003868997 ],
    "tw:zinc:300": [ 0.87110794, 0.0015287101, -0.005232632 ],
    "tw:zinc:400": [ 0.7118149, 0.0035803616, -0.012431681 ],
    "tw:zinc:500": [ 0.55166423, 0.0037916303, -0.013276815 ],
    "tw:zinc:600": [ 0.441861, 0.003976628, -0.014065653 ],
    "tw:zinc:700": [ 0.37032336, 0.0032357872, -0.01143077 ],
    "tw:zinc:800": [ 0.2739363, 0.0015127659, -0.005264193 ],
    "tw:zinc:900": [ 0.21033092, 0.0016040578, -0.0056365877 ],
    "tw:zinc:950": [ 0.14076532, 0.0011959076, -0.0042197183 ],
    "tw:zinc": [ 0.55166423, 0.0037916303, -0.013276815 ],

    "tw:neutral:50": [ 0.9851036, -0.00000014901161, 5.9604645e-8 ],
    "tw:neutral:100": [ 0.9701508, 0.000000029802322, 0.0 ],
    "tw:neutral:200": [ 0.921906, 0.000000029802322, -5.9604645e-8 ],
    "tw:neutral:300": [ 0.8699436, -0.000000029802322, 0.0 ],
    "tw:neutral:400": [ 0.71547353, 0.000000059604645, 0.0 ],
    "tw:neutral:500": [ 0.55552673, 0, 0.0 ],
    "tw:neutral:600": [ 0.4386047, -0.000000074505806, 0.0 ],
    "tw:neutral:700": [ 0.37149495, 0.000000074505806, 0.0 ],
    "tw:neutral:800": [ 0.26861826, 0.000000037252903, 0.0 ],
    "tw:neutral:900": [ 0.20462653, -0.000000007450581, 1.4901161e-8 ],
    "tw:neutral:950": [ 0.14478795, 0.000000014901161, -7.450581e-9 ],
    "tw:neutral": [ 0.55552673, 0, 0.0 ],

    "tw:stone:50": [ 0.98482513, -0.00037282705, 0.0012651682 ],
    "tw:stone:100": [ 0.9698713, -0.00037446618, 0.0012700558 ],
    "tw:stone:200": [ 0.92317504, 0.0016910136, 0.0019257665 ],
    "tw:stone:300": [ 0.86866134, 0.0023854077, 0.0035853386 ],
    "tw:stone:400": [ 0.7160844, 0.005028844, 0.0075290203 ],
    "tw:stone:500": [ 0.55340165, 0.006138891, 0.009851307 ],
    "tw:stone:600": [ 0.44441724, 0.0027033538, 0.00920862 ],
    "tw:stone:700": [ 0.37411574, 0.003312856, 0.008021116 ],
    "tw:stone:800": [ 0.2684849, 0.0051937997, 0.003542617 ],
    "tw:stone:900": [ 0.21611537, 0.003421545, 0.0050809085 ],
    "tw:stone:950": [ 0.14689614, 0.0026951358, 0.0031278506 ],
    "tw:stone": [ 0.55340165, 0.006138891, 0.009851307 ],

    "tw:red:50": [ 0.9705277, 0.012355894, 0.0038672686 ],
    "tw:red:100": [ 0.93564075, 0.02943042, 0.009402156 ],
    "tw:red:200": [ 0.8845424, 0.056249797, 0.018639922 ],
    "tw:red:300": [ 0.8076896, 0.0975073, 0.03466451 ],
    "tw:red:400": [ 0.7106273, 0.15381366, 0.062821 ],
    "tw:red:500": [ 0.6368337, 0.18786393, 0.08892858 ],
    "tw:red:600": [ 0.5770988, 0.19114879, 0.098765105 ],
    "tw:red:700": [ 0.50541985, 0.16894186, 0.08801347 ],
    "tw:red:800": [ 0.44368723, 0.14386657, 0.07298586 ],
    "tw:red:900": [ 0.39584258, 0.119885966, 0.057756454 ],
    "tw:red:950": [ 0.2575181, 0.079568334, 0.03887993 ],
    "tw:red": [ 0.6368337, 0.18786393, 0.08892858 ],

    "tw:orange:50": [ 0.97962224, 0.0044308007, 0.015136421 ],
    "tw:orange:100": [ 0.9542036, 0.009513199, 0.03591591 ],
    "tw:orange:200": [ 0.9014572, 0.0241144, 0.06884855 ],
    "tw:orange:300": [ 0.8365745, 0.046862215, 0.10670245 ],
    "tw:orange:400": [ 0.75763977, 0.08908355, 0.13174614 ],
    "tw:orange:500": [ 0.70487124, 0.1258958, 0.13789484 ],
    "tw:orange:600": [ 0.646072, 0.1464024, 0.1277858 ],
    "tw:orange:700": [ 0.5534275, 0.13625254, 0.108000994 ],
    "tw:orange:800": [ 0.46979883, 0.11378503, 0.086691976 ],
    "tw:orange:900": [ 0.40838942, 0.09156279, 0.07197921 ],
    "tw:orange:950": [ 0.26590723, 0.06146065, 0.04507892 ],
    "tw:orange": [ 0.70487124, 0.1258958, 0.13789484 ],

    "tw:amber:50": [ 0.9868793, -0.0019686222, 0.021312296 ],
    "tw:amber:100": [ 0.9618961, -0.0056799054, 0.057748258 ],
    "tw:amber:200": [ 0.92427677, -0.011525929, 0.114548385 ],
    "tw:amber:300": [ 0.8789668, -0.00429824, 0.15336001 ],
    "tw:amber:400": [ 0.8368606, 0.015962899, 0.16364485 ],
    "tw:amber:500": [ 0.76859033, 0.056099534, 0.15480813 ],
    "tw:amber:600": [ 0.66583985, 0.082677975, 0.13396311 ],
    "tw:amber:700": [ 0.5552831, 0.09546478, 0.109810054 ],
    "tw:amber:800": [ 0.47318903, 0.08630811, 0.0900034 ],
    "tw:amber:900": [ 0.41370732, 0.07331976, 0.07567009 ],
    "tw:amber:950": [ 0.27912375, 0.051880665, 0.053043917 ],
    "tw:amber": [ 0.76859033, 0.056099534, 0.15480813 ],

    "tw:yellow:50": [ 0.98729837, -0.005548835, 0.02563852 ],
    "tw:yellow:100": [ 0.9729186, -0.015827715, 0.067518175 ],
    "tw:yellow:200": [ 0.94510216, -0.02486667, 0.12179047 ],
    "tw:yellow:300": [ 0.90524274, -0.02337578, 0.1640256 ],
    "tw:yellow:400": [ 0.86055946, -0.005847335, 0.17301613 ],
    "tw:yellow:500": [ 0.7952426, 0.011145651, 0.1612835 ],
    "tw:yellow:600": [ 0.6806403, 0.034821466, 0.13795641 ],
    "tw:yellow:700": [ 0.5537812, 0.048235, 0.110624194 ],
    "tw:yellow:800": [ 0.47618636, 0.048675492, 0.09118831 ],
    "tw:yellow:900": [ 0.4209999, 0.047921404, 0.075826615 ],
    "tw:yellow:950": [ 0.2856545, 0.03774611, 0.051598474 ],
    "tw:yellow": [ 0.7952426, 0.011145651, 0.1612835 ],

    "tw:lime:50": [ 0.98567504, -0.015838474, 0.026614487 ],
    "tw:lime:100": [ 0.9669335, -0.035247475, 0.05569619 ],
    "tw:lime:200": [ 0.9382275, -0.068594664, 0.100476444 ],
    "tw:lime:300": [ 0.89715207, -0.10663426, 0.14324236 ],
    "tw:lime:400": [ 0.8493154, -0.13006014, 0.16147482 ],
    "tw:lime:500": [ 0.76814085, -0.13369381, 0.15461397 ],
    "tw:lime:600": [ 0.6481669, -0.11667648, 0.13102883 ],
    "tw:lime:700": [ 0.5322231, -0.09328088, 0.10510668 ],
    "tw:lime:800": [ 0.4528403, -0.07399003, 0.085318446 ],
    "tw:lime:900": [ 0.40503442, -0.06277947, 0.07205832 ],
    "tw:lime:950": [ 0.2740593, -0.046130136, 0.051037237 ],
    "tw:lime": [ 0.76814085, -0.13369381, 0.15461397 ],

    "tw:green:50": [ 0.98192567, -0.016476572, 0.007395804 ],
    "tw:green:100": [ 0.9624129, -0.039853483, 0.017128408 ],
    "tw:green:200": [ 0.9250228, -0.073583335, 0.03276956 ],
    "tw:green:300": [ 0.87116313, -0.1229403, 0.058773637 ],
    "tw:green:400": [ 0.8003488, -0.16031668, 0.08628178 ],
    "tw:green:500": [ 0.7227459, -0.1655738, 0.09722185 ],
    "tw:green:600": [ 0.62705225, -0.14596857, 0.0869672 ],
    "tw:green:700": [ 0.5272987, -0.11881706, 0.068407655 ],
    "tw:green:800": [ 0.44792464, -0.0950381, 0.05197218 ],
    "tw:green:900": [ 0.39253244, -0.07951872, 0.041332632 ],